{
  "gaussian_noise": {
    "1": 0.006332665681838989,
    "3": 0.014397534541785717,
    "5": 0.02179848589003086
  },
  "gaussian_blur": {
    "1": 0.014507112093269825,
    "3": 0.025999655947089195,
    "5": 0.032921142876148224
  },
  "contrast_reduction": {
    "1": 0.008491323329508305,
    "3": 0.01717245765030384,
    "5": 0.025148905813694
  }
}